Timestamp,Age_Group,Gender,Education_Level,Year_of_Study,Stream,Weekday_Sleep_Hours,Weekend_Sleep_Hours,Sleep_Quality,Sleep_Consistency,Focused_Study_Hours,Study_Distraction_Level,Academic_Screen_Hours,Recreational_Screen_Hours,Stress_Workload,Stress_Deadlines,Stress_Personal,Academic_Percentage
2026-03-01 00:00:00,18–20,Female,Undergraduate,4th Year,Engineering/Tech,4.5,5.5,4,2,1.4,3,3.0,2.9,2,2,2,49.8
2026-03-01 00:30:00,24+,Female,Undergraduate,2nd Year,Engineering/Tech,6.5,6.8,4,2,2.5,3,2.3,3.9,3,2,5,53.8
2026-03-01 01:00:00,21–23,Female,Undergraduate,4th Year,Engineering/Tech,6.3,8.3,3,4,3.7,1,4.2,5.2,3,3,2,58.0
2026-03-01 01:30:00,21–23,Male,Undergraduate,3rd Year,Commerce/Management,7.0,8.0,4,3,3.9,4,5.1,4.5,3,4,2,50.8
2026-03-01 02:00:00,18–20,Male,Undergraduate,4th Year,Sciences,6.4,5.8,3,2,3.1,3,3.1,4.0,4,2,3,53.4
2026-03-01 02:30:00,18–20,Female,Postgraduate,2nd Year,Sciences,5.1,6.9,5,1,1.2,4,2.0,3.3,3,2,2,48.5
2026-03-01 03:00:00,18–20,Male,Undergraduate,3rd Year,Commerce/Management,7.7,8.4,2,4,1.7,3,4.3,0.5,4,4,1,46.9
2026-03-01 03:30:00,21–23,Female,Undergraduate,2nd Year,Commerce/Management,6.1,7.1,3,1,1.7,3,4.5,5.1,4,2,2,48.3
2026-03-01 04:00:00,21–23,Female,Undergraduate,2nd Year,Sciences,6.3,7.6,3,3,2.7,2,5.8,3.7,3,2,3,59.8
2026-03-01 04:30:00,21–23,Female,Undergraduate,3rd Year,Commerce/Management,5.2,6.4,3,5,2.9,2,4.5,6.2,4,2,3,58.9
2026-03-01 05:00:00,18–20,Male,Undergraduate,4th Year,Engineering/Tech,5.8,7.4,3,3,2.7,4,4.7,4.7,3,5,3,52.1
2026-03-01 05:30:00,24+,Female,Undergraduate,4th Year,Engineering/Tech,5.2,6.0,4,2,4.3,5,3.5,3.3,3,4,3,57.0
2026-03-01 06:00:00,21–23,Male,Undergraduate,3rd Year,Engineering/Tech,6.1,7.6,1,3,6.7,4,6.5,5.6,3,3,5,53.5
2026-03-01 06:30:00,18–20,Female,Undergraduate,2nd Year,Engineering/Tech,8.4,9.2,2,4,2.0,2,3.4,5.7,3,4,3,59.0
2026-03-01 07:00:00,18–20,Female,Undergraduate,2nd Year,Sciences,4.7,6.3,4,3,1.0,3,3.1,3.8,1,4,2,59.1
2026-03-01 07:30:00,18–20,Male,Postgraduate,3rd Year,Humanities/Arts,4.4,6.0,3,5,1.3,4,5.8,5.8,4,4,2,40.0
2026-03-01 08:00:00,18–20,Prefer not to say,Postgraduate,1st Year,Engineering/Tech,8.1,8.4,5,1,2.4,4,2.2,3.3,3,4,3,52.4
2026-03-01 08:30:00,21–23,Female,Postgraduate,1st Year,Engineering/Tech,6.0,8.0,4,3,4.2,2,1.8,4.3,3,4,4,55.4
2026-03-01 09:00:00,18–20,Male,Undergraduate,2nd Year,Sciences,5.5,6.2,5,3,1.2,1,3.9,4.9,5,3,2,49.8
2026-03-01 09:30:00,18–20,Male,Undergraduate,2nd Year,Humanities/Arts,7.5,9.3,4,4,5.8,4,3.8,5.2,4,1,4,56.8
2026-03-01 10:00:00,21–23,Male,Postgraduate,2nd Year,Engineering/Tech,5.6,7.0,2,2,1.5,3,3.5,5.0,5,3,1,50.1
2026-03-01 10:30:00,18–20,Male,Undergraduate,1st Year,Sciences,8.5,11.0,2,4,4.1,2,4.9,3.6,2,5,3,52.1
2026-03-01 11:00:00,18–20,Male,Undergraduate,1st Year,Engineering/Tech,7.1,8.0,4,3,2.7,1,2.8,5.6,4,4,4,53.8
2026-03-01 11:30:00,18–20,Female,Undergraduate,1st Year,Engineering/Tech,5.7,6.5,3,2,3.4,3,3.9,3.9,5,4,2,57.1
2026-03-01 12:00:00,21–23,Male,Undergraduate,4th Year,Humanities/Arts,8.9,10.0,1,2,3.5,4,3.4,3.3,4,5,3,50.9
2026-03-01 12:30:00,21–23,Male,Postgraduate,2nd Year,Humanities/Arts,5.6,6.4,3,4,1.2,5,2.8,3.3,4,2,2,50.7
2026-03-01 13:00:00,18–20,Female,Undergraduate,2nd Year,Engineering/Tech,7.2,8.9,5,2,4.0,3,3.7,6.8,3,4,4,51.0
2026-03-01 13:30:00,21–23,Male,Undergraduate,3rd Year,Humanities/Arts,6.7,6.5,3,2,0.9,3,4.7,3.1,2,4,1,54.5
2026-03-01 14:00:00,21–23,Female,Undergraduate,1st Year,Sciences,7.9,8.1,3,2,1.4,2,6.1,5.9,3,5,4,44.6
2026-03-01 14:30:00,18–20,Male,Undergraduate,4th Year,Commerce/Management,8.2,8.4,3,4,3.5,3,4.4,2.5,3,5,2,52.9
2026-03-01 15:00:00,21–23,Male,Undergraduate,3rd Year,Sciences,6.3,8.2,2,3,1.1,3,1.0,4.8,5,4,4,46.9
2026-03-01 15:30:00,18–20,Female,Undergraduate,1st Year,Sciences,5.4,7.9,3,4,0.5,3,3.8,4.5,3,3,3,42.8
2026-03-01 16:00:00,18–20,Female,Undergraduate,2nd Year,Sciences,6.9,7.9,3,2,3.0,3,3.9,6.4,5,4,4,46.0
2026-03-01 16:30:00,24+,Female,Undergraduate,4th Year,Sciences,5.5,6.5,1,3,0.6,2,4.8,3.2,5,2,2,52.2
2026-03-01 17:00:00,24+,Female,Undergraduate,4th Year,Engineering/Tech,8.7,9.9,4,3,3.7,2,4.0,2.8,3,4,5,54.7
2026-03-01 17:30:00,21–23,Female,Postgraduate,2nd Year,Engineering/Tech,6.5,8.5,3,4,1.9,3,5.2,3.9,3,5,2,55.5
2026-03-01 18:00:00,18–20,Male,Undergraduate,3rd Year,Engineering/Tech,5.9,6.2,4,4,3.0,2,4.2,6.4,5,3,2,49.4
2026-03-01 18:30:00,18–20,Male,Undergraduate,1st Year,Commerce/Management,6.5,7.8,4,1,2.9,2,5.5,2.9,5,4,3,54.5
2026-03-01 19:00:00,21–23,Female,Undergraduate,4th Year,Engineering/Tech,4.7,6.6,2,3,3.8,5,3.3,0.5,3,3,1,49.9
2026-03-01 19:30:00,18–20,Female,Undergraduate,1st Year,Sciences,5.1,6.6,3,1,3.5,3,4.0,4.2,3,3,2,56.8
2026-03-01 20:00:00,18–20,Prefer not to say,Undergraduate,4th Year,Humanities/Arts,7.7,9.0,3,3,1.1,3,4.7,5.4,3,3,5,53.4
2026-03-01 20:30:00,21–23,Male,Undergraduate,3rd Year,Engineering/Tech,5.5,7.4,4,2,2.0,4,3.2,2.7,4,4,5,50.2
2026-03-01 21:00:00,18–20,Male,Undergraduate,3rd Year,Sciences,5.0,4.0,2,2,3.0,5,2.9,5.3,3,5,3,50.2
2026-03-01 21:30:00,24+,Female,Undergraduate,2nd Year,Engineering/Tech,6.9,8.6,3,2,5.5,3,3.1,2.6,4,5,5,55.0
2026-03-01 22:00:00,18–20,Male,Undergraduate,1st Year,Commerce/Management,7.7,8.3,3,3,3.5,4,3.0,3.9,2,2,3,58.5
2026-03-01 22:30:00,21–23,Female,Postgraduate,1st Year,Engineering/Tech,7.2,6.8,2,2,5.2,3,4.4,5.2,1,5,2,57.0
2026-03-01 23:00:00,18–20,Female,Undergraduate,1st Year,Sciences,7.5,9.0,2,3,3.1,3,1.8,2.4,3,4,4,49.8
2026-03-01 23:30:00,21–23,Male,Undergraduate,1st Year,Commerce/Management,5.4,7.6,3,3,4.6,3,2.1,4.4,3,3,3,55.8
2026-03-02 00:00:00,21–23,Female,Postgraduate,3rd Year,Humanities/Arts,4.6,5.6,4,1,2.8,4,5.8,5.8,3,2,5,43.5
2026-03-02 00:30:00,18–20,Female,Undergraduate,2nd Year,Sciences,8.1,10.0,3,4,4.5,4,3.0,4.8,3,3,2,63.7
2026-03-02 01:00:00,24+,Male,Undergraduate,1st Year,Sciences,5.9,8.3,3,2,1.9,3,4.0,3.1,3,5,3,49.9
2026-03-02 01:30:00,21–23,Female,Postgraduate,4th Year,Sciences,6.0,8.2,3,3,5.9,2,2.2,6.2,2,4,1,61.0
2026-03-02 02:00:00,24+,Female,Undergraduate,4th Year,Commerce/Management,7.9,10.3,4,3,3.3,3,3.9,5.0,3,4,2,53.1
2026-03-02 02:30:00,21–23,Female,Undergraduate,4th Year,Sciences,7.0,8.7,2,2,0.8,2,3.0,1.5,5,3,1,48.6
2026-03-02 03:00:00,21–23,Male,Undergraduate,4th Year,Engineering/Tech,6.8,8.0,4,1,3.0,3,2.1,5.3,3,4,5,43.2
2026-03-02 03:30:00,24+,Female,Undergraduate,1st Year,Humanities/Arts,8.9,8.7,2,2,3.5,4,5.3,3.3,3,1,4,56.8
2026-03-02 04:00:00,18–20,Male,Undergraduate,2nd Year,Sciences,5.5,6.4,3,5,4.1,4,5.1,4.4,4,3,4,57.3
2026-03-02 04:30:00,18–20,Male,Undergraduate,3rd Year,Sciences,7.4,7.8,1,3,7.2,4,3.7,5.5,5,4,3,50.9
2026-03-02 05:00:00,18–20,Female,Postgraduate,3rd Year,Engineering/Tech,6.4,9.2,2,3,1.7,4,4.9,3.3,3,2,2,46.0
2026-03-02 05:30:00,18–20,Male,Undergraduate,1st Year,Sciences,6.6,7.6,3,3,7.2,3,5.9,1.8,4,4,2,57.5
2026-03-02 06:00:00,18–20,Male,Undergraduate,3rd Year,Engineering/Tech,8.1,9.3,2,2,2.4,4,4.6,6.2,4,3,2,45.6
2026-03-02 06:30:00,18–20,Female,Undergraduate,1st Year,Sciences,6.9,8.5,4,3,1.4,3,4.3,5.7,4,4,3,46.5
2026-03-02 07:00:00,21–23,Female,Undergraduate,1st Year,Engineering/Tech,6.9,8.1,1,4,1.7,2,4.0,4.0,2,3,4,56.8
2026-03-02 07:30:00,18–20,Female,Undergraduate,2nd Year,Sciences,7.6,10.0,3,1,3.4,1,4.5,5.3,4,4,3,54.9
2026-03-02 08:00:00,18–20,Female,Undergraduate,3rd Year,Humanities/Arts,5.9,6.5,3,2,1.2,3,3.4,3.6,2,2,1,50.2
2026-03-02 08:30:00,21–23,Male,Undergraduate,3rd Year,Engineering/Tech,5.3,6.5,1,2,1.9,3,3.5,4.2,4,1,1,55.6
2026-03-02 09:00:00,18–20,Male,Undergraduate,1st Year,Humanities/Arts,5.0,5.6,2,3,3.0,3,4.3,3.9,4,5,2,53.4
2026-03-02 09:30:00,21–23,Male,Postgraduate,4th Year,Engineering/Tech,3.9,4.0,3,5,5.9,4,3.3,3.6,3,3,3,51.0
2026-03-02 10:00:00,18–20,Female,Undergraduate,2nd Year,Commerce/Management,8.8,9.4,3,1,4.1,2,3.4,4.6,4,4,5,53.1
2026-03-02 10:30:00,24+,Female,Postgraduate,1st Year,Commerce/Management,5.0,6.0,3,3,2.5,2,3.8,2.4,1,5,3,56.5
2026-03-02 11:00:00,21–23,Female,Undergraduate,4th Year,Sciences,6.0,6.8,3,2,3.4,5,5.1,3.7,4,3,4,51.2
2026-03-02 11:30:00,18–20,Female,Postgraduate,4th Year,Commerce/Management,6.0,6.5,3,5,2.8,2,2.6,4.5,3,3,3,54.3
2026-03-02 12:00:00,18–20,Male,Undergraduate,4th Year,Commerce/Management,6.7,6.6,1,1,1.0,3,4.6,6.7,3,4,3,53.6
2026-03-02 12:30:00,21–23,Female,Undergraduate,3rd Year,Engineering/Tech,7.3,8.3,3,3,6.5,3,4.7,2.5,2,5,2,62.1
2026-03-02 13:00:00,21–23,Male,Undergraduate,3rd Year,Engineering/Tech,7.3,7.2,5,3,5.9,3,4.7,4.8,5,5,4,51.4
2026-03-02 13:30:00,21–23,Female,Undergraduate,3rd Year,Sciences,5.6,7.3,3,3,2.3,2,2.9,5.0,2,3,4,51.1
2026-03-02 14:00:00,21–23,Male,Undergraduate,1st Year,Commerce/Management,6.1,7.3,3,3,1.7,1,1.9,1.5,2,4,2,54.6
2026-03-02 14:30:00,18–20,Female,Undergraduate,2nd Year,Commerce/Management,6.6,6.6,3,2,1.0,2,4.4,4.7,3,2,3,55.0
2026-03-02 15:00:00,18–20,Male,Undergraduate,2nd Year,Commerce/Management,6.0,6.9,4,2,3.5,3,4.0,5.3,4,5,3,48.1
2026-03-02 15:30:00,18–20,Male,Undergraduate,2nd Year,Engineering/Tech,8.2,8.7,4,2,3.6,3,4.9,4.9,3,5,3,50.5
2026-03-02 16:00:00,21–23,Male,Undergraduate,3rd Year,Commerce/Management,6.9,8.2,3,2,1.3,2,3.0,4.0,2,2,5,58.0
2026-03-02 16:30:00,21–23,Female,Undergraduate,2nd Year,Engineering/Tech,7.2,9.4,5,3,2.8,3,4.6,4.6,3,3,3,54.6
2026-03-02 17:00:00,18–20,Female,Undergraduate,1st Year,Sciences,7.1,6.7,2,2,4.0,4,5.0,4.3,3,2,3,59.4
2026-03-02 17:30:00,18–20,Male,Undergraduate,1st Year,Engineering/Tech,7.7,8.9,1,2,1.6,1,3.7,1.7,3,3,1,61.5
2026-03-02 18:00:00,18–20,Male,Undergraduate,3rd Year,Engineering/Tech,6.5,7.5,4,3,2.1,3,4.3,4.4,3,4,1,48.3
2026-03-02 18:30:00,18–20,Female,Postgraduate,1st Year,Engineering/Tech,4.7,6.4,4,5,2.1,4,4.2,3.6,4,3,2,49.1
2026-03-02 19:00:00,21–23,Male,Undergraduate,4th Year,Engineering/Tech,6.8,8.1,2,3,1.4,2,2.9,3.1,3,2,1,60.7
2026-03-02 19:30:00,21–23,Female,Undergraduate,2nd Year,Sciences,5.5,6.0,2,1,2.1,3,4.4,7.6,3,3,4,42.7
2026-03-02 20:00:00,21–23,Female,Undergraduate,2nd Year,Engineering/Tech,5.7,6.5,1,1,0.7,3,5.6,5.9,3,5,4,46.8
2026-03-02 20:30:00,21–23,Male,Postgraduate,3rd Year,Engineering/Tech,7.0,7.5,2,5,2.0,4,3.8,2.5,5,4,2,50.9
2026-03-02 21:00:00,18–20,Male,Undergraduate,3rd Year,Engineering/Tech,7.8,9.7,4,2,2.0,4,2.2,4.6,5,3,4,40.7
2026-03-02 21:30:00,21–23,Prefer not to say,Undergraduate,2nd Year,Engineering/Tech,6.3,7.4,3,1,2.3,3,3.0,6.1,4,2,2,52.4
2026-03-02 22:00:00,21–23,Male,Undergraduate,3rd Year,Engineering/Tech,6.7,9.3,3,3,3.2,4,1.8,2.0,3,5,2,50.4
2026-03-02 22:30:00,21–23,Male,Undergraduate,3rd Year,Engineering/Tech,8.3,9.4,3,3,0.9,3,5.2,4.2,2,4,2,45.7
2026-03-02 23:00:00,21–23,Female,Undergraduate,2nd Year,Sciences,6.6,7.1,1,3,1.1,4,4.6,4.3,3,3,3,49.0
2026-03-02 23:30:00,21–23,Female,Postgraduate,4th Year,Sciences,9.4,9.3,2,2,1.3,3,3.2,2.3,3,2,2,44.7
2026-03-03 00:00:00,21–23,Prefer not to say,Postgraduate,3rd Year,Sciences,7.0,6.6,3,1,0.8,2,2.2,4.6,3,2,3,49.5
2026-03-03 00:30:00,18–20,Female,Undergraduate,3rd Year,Sciences,4.2,4.0,5,5,3.5,4,2.9,5.7,4,2,3,59.2
2026-03-03 01:00:00,18–20,Male,Undergraduate,4th Year,Engineering/Tech,7.2,8.5,4,2,1.6,3,3.1,6.2,5,4,5,49.8
2026-03-03 01:30:00,18–20,Male,Postgraduate,4th Year,Commerce/Management,6.8,8.3,1,3,2.3,3,3.9,3.8,4,5,1,49.3
2026-03-03 02:00:00,18–20,Female,Undergraduate,3rd Year,Sciences,7.8,7.7,4,3,1.3,5,3.9,7.6,3,3,2,52.4
2026-03-03 02:30:00,21–23,Female,Undergraduate,3rd Year,Sciences,7.1,8.9,4,3,1.8,1,5.3,1.2,4,4,1,53.3
2026-03-03 03:00:00,18–20,Male,Undergraduate,3rd Year,Engineering/Tech,6.1,6.8,4,2,2.9,3,3.0,4.6,3,3,3,50.6
2026-03-03 03:30:00,21–23,Female,Undergraduate,3rd Year,Engineering/Tech,4.8,6.0,3,2,3.0,1,2.1,2.1,2,4,1,53.2
2026-03-03 04:00:00,24+,Male,Undergraduate,3rd Year,Engineering/Tech,6.0,8.4,3,3,1.1,4,2.5,4.2,4,4,4,47.9
2026-03-03 04:30:00,18–20,Female,Undergraduate,3rd Year,Engineering/Tech,5.3,7.1,3,4,2.3,4,3.8,3.4,1,2,3,58.8
2026-03-03 05:00:00,18–20,Male,Postgraduate,1st Year,Sciences,5.6,6.5,1,5,1.3,3,3.0,4.8,3,3,3,45.4
2026-03-03 05:30:00,21–23,Male,Postgraduate,4th Year,Sciences,7.0,7.4,2,1,2.2,4,3.5,3.9,3,4,3,42.4
2026-03-03 06:00:00,18–20,Male,Undergraduate,4th Year,Sciences,8.3,7.7,2,2,1.5,3,3.3,2.9,4,2,2,58.0
2026-03-03 06:30:00,18–20,Male,Undergraduate,1st Year,Commerce/Management,6.8,7.3,3,5,6.8,4,4.9,3.0,4,3,2,63.8
2026-03-03 07:00:00,18–20,Male,Postgraduate,3rd Year,Commerce/Management,4.9,5.8,4,3,4.0,3,3.2,6.8,3,4,2,42.6
2026-03-03 07:30:00,18–20,Female,Postgraduate,1st Year,Commerce/Management,6.8,7.1,3,4,3.1,3,3.4,4.7,4,5,3,53.4
2026-03-03 08:00:00,24+,Female,Undergraduate,2nd Year,Humanities/Arts,7.7,8.7,1,2,2.0,5,4.6,1.7,3,3,2,52.5
2026-03-03 08:30:00,21–23,Female,Postgraduate,3rd Year,Engineering/Tech,5.6,6.7,5,3,4.0,2,3.2,4.9,3,4,2,51.8
2026-03-03 09:00:00,21–23,Prefer not to say,Postgraduate,1st Year,Engineering/Tech,6.1,7.1,5,3,2.3,2,4.3,3.8,4,3,5,46.2
2026-03-03 09:30:00,21–23,Male,Undergraduate,3rd Year,Engineering/Tech,6.3,6.9,4,3,6.3,3,4.2,4.1,4,4,1,61.3
2026-03-03 10:00:00,21–23,Male,Undergraduate,3rd Year,Sciences,5.4,6.6,5,3,4.3,5,4.0,5.2,5,4,4,47.7
2026-03-03 10:30:00,18–20,Female,Undergraduate,2nd Year,Commerce/Management,7.1,8.5,3,1,1.8,3,2.6,5.8,3,5,4,50.6
2026-03-03 11:00:00,21–23,Male,Undergraduate,1st Year,Engineering/Tech,6.2,6.4,5,3,5.9,1,5.2,2.9,4,3,2,58.0
2026-03-03 11:30:00,21–23,Prefer not to say,Undergraduate,2nd Year,Humanities/Arts,6.8,9.0,1,2,2.0,3,6.2,4.1,4,4,2,49.2
2026-03-03 12:00:00,21–23,Male,Undergraduate,3rd Year,Engineering/Tech,5.2,6.3,3,3,7.0,3,3.8,3.3,5,4,2,45.3
2026-03-03 12:30:00,21–23,Prefer not to say,Undergraduate,4th Year,Humanities/Arts,5.8,6.9,2,5,6.1,2,2.6,4.9,2,3,3,57.2
2026-03-03 13:00:00,18–20,Male,Undergraduate,3rd Year,Engineering/Tech,7.2,8.8,2,2,2.9,4,3.8,3.8,4,2,3,59.2
2026-03-03 13:30:00,18–20,Female,Undergraduate,2nd Year,Engineering/Tech,5.9,7.1,2,4,0.7,5,4.9,4.1,4,2,4,41.4
2026-03-03 14:00:00,18–20,Female,Undergraduate,3rd Year,Sciences,8.4,10.2,3,2,2.8,3,3.1,3.7,3,1,5,46.7
2026-03-03 14:30:00,18–20,Prefer not to say,Postgraduate,2nd Year,Engineering/Tech,5.8,7.2,4,3,1.0,3,3.7,4.0,3,5,3,50.4
2026-03-03 15:00:00,21–23,Male,Undergraduate,3rd Year,Engineering/Tech,6.6,7.2,3,5,1.5,3,4.2,6.5,3,3,2,53.1
2026-03-03 15:30:00,21–23,Female,Undergraduate,1st Year,Engineering/Tech,7.4,8.8,2,1,1.6,2,5.1,7.4,4,3,2,48.8
2026-03-03 16:00:00,18–20,Prefer not to say,Undergraduate,3rd Year,Commerce/Management,4.6,4.8,4,1,1.0,4,4.7,4.6,5,4,4,41.6
2026-03-03 16:30:00,21–23,Female,Undergraduate,2nd Year,Sciences,4.2,5.4,3,3,2.8,3,4.7,4.0,4,3,2,52.1
2026-03-03 17:00:00,18–20,Female,Undergraduate,4th Year,Engineering/Tech,4.5,5.5,3,1,1.4,3,3.3,1.9,4,3,1,50.5
2026-03-03 17:30:00,18–20,Female,Undergraduate,2nd Year,Sciences,7.8,8.7,3,3,2.0,4,4.2,3.0,3,2,4,56.2
2026-03-03 18:00:00,18–20,Male,Undergraduate,3rd Year,Commerce/Management,5.6,6.6,2,4,1.6,3,3.0,3.9,2,5,3,60.5
2026-03-03 18:30:00,18–20,Female,Undergraduate,4th Year,Engineering/Tech,9.4,9.0,3,3,3.3,4,4.7,3.1,3,5,5,42.0
2026-03-03 19:00:00,24+,Female,Undergraduate,1st Year,Engineering/Tech,5.6,6.3,4,2,3.1,1,5.1,3.2,3,5,3,60.4
2026-03-03 19:30:00,18–20,Female,Undergraduate,4th Year,Engineering/Tech,6.5,7.7,2,3,1.9,4,4.4,6.3,3,3,1,51.1
2026-03-03 20:00:00,21–23,Male,Postgraduate,3rd Year,Engineering/Tech,8.2,9.4,3,3,3.4,5,3.4,4.1,2,4,5,55.1
2026-03-03 20:30:00,21–23,Male,Undergraduate,1st Year,Sciences,8.7,9.0,4,1,5.0,4,3.6,4.3,3,2,2,58.4
2026-03-03 21:00:00,18–20,Female,Undergraduate,2nd Year,Engineering/Tech,8.8,10.9,4,3,0.5,5,5.8,3.2,3,1,2,48.1
2026-03-03 21:30:00,24+,Female,Undergraduate,3rd Year,Sciences,7.8,8.2,1,3,1.6,2,3.4,5.7,3,1,3,57.2
2026-03-03 22:00:00,24+,Male,Undergraduate,1st Year,Commerce/Management,7.5,9.4,2,3,1.2,3,5.0,3.8,3,4,1,50.6
2026-03-03 22:30:00,18–20,Female,Undergraduate,3rd Year,Engineering/Tech,7.0,8.5,1,2,1.5,3,4.2,3.4,2,3,3,50.5
2026-03-03 23:00:00,21–23,Male,Undergraduate,2nd Year,Sciences,7.2,7.8,3,3,0.5,3,3.4,1.9,5,3,2,54.0
2026-03-03 23:30:00,18–20,Male,Postgraduate,3rd Year,Engineering/Tech,5.6,8.2,3,1,0.5,3,2.3,4.0,5,1,3,45.4
2026-03-04 00:00:00,18–20,Male,Undergraduate,1st Year,Humanities/Arts,5.3,5.5,2,2,0.5,3,4.0,3.3,4,3,3,50.2
2026-03-04 00:30:00,18–20,Male,Undergraduate,4th Year,Sciences,6.3,8.1,5,4,1.7,2,3.9,6.5,2,4,4,51.1
2026-03-04 01:00:00,21–23,Female,Undergraduate,4th Year,Commerce/Management,6.1,8.0,3,3,1.6,3,5.8,6.7,4,3,4,40.0
2026-03-04 01:30:00,21–23,Male,Postgraduate,4th Year,Sciences,5.8,6.3,2,1,5.4,2,2.9,2.4,4,4,2,55.3
2026-03-04 02:00:00,18–20,Prefer not to say,Undergraduate,3rd Year,Engineering/Tech,7.1,9.3,3,2,2.6,4,6.3,2.5,4,3,3,54.3
2026-03-04 02:30:00,18–20,Prefer not to say,Undergraduate,1st Year,Sciences,7.4,8.3,3,2,3.3,2,4.2,3.7,2,4,3,55.2
2026-03-04 03:00:00,24+,Female,Undergraduate,3rd Year,Humanities/Arts,6.4,7.7,1,2,8.0,1,4.2,3.0,4,4,2,51.5
2026-03-04 03:30:00,18–20,Female,Undergraduate,1st Year,Sciences,8.1,9.4,2,2,0.5,3,3.1,4.4,4,3,4,52.8
2026-03-04 04:00:00,18–20,Male,Undergraduate,1st Year,Commerce/Management,4.9,5.9,4,1,6.4,3,4.1,3.6,4,3,4,55.2
2026-03-04 04:30:00,21–23,Female,Postgraduate,2nd Year,Commerce/Management,6.1,7.8,3,3,2.3,4,4.3,4.5,4,4,2,51.9
2026-03-04 05:00:00,24+,Female,Undergraduate,2nd Year,Engineering/Tech,5.4,7.2,3,3,1.8,3,4.8,5.5,3,4,3,47.2
2026-03-04 05:30:00,18–20,Male,Undergraduate,3rd Year,Engineering/Tech,4.1,4.0,3,3,1.6,3,2.7,2.6,3,3,2,52.7
2026-03-04 06:00:00,21–23,Female,Undergraduate,3rd Year,Sciences,6.2,8.3,1,3,3.0,4,5.3,5.5,1,3,3,60.5
2026-03-04 06:30:00,21–23,Female,Undergraduate,2nd Year,Engineering/Tech,6.2,5.9,2,1,1.8,3,4.2,3.1,4,5,2,47.5
2026-03-04 07:00:00,18–20,Female,Undergraduate,2nd Year,Commerce/Management,8.1,10.0,3,5,1.0,1,4.5,7.1,2,4,5,56.3
2026-03-04 07:30:00,21–23,Female,Undergraduate,4th Year,Humanities/Arts,7.1,9.1,2,4,1.6,3,3.6,6.4,3,3,4,51.7
2026-03-04 08:00:00,18–20,Female,Undergraduate,2nd Year,Engineering/Tech,5.1,5.3,1,4,3.0,5,2.8,3.9,3,3,3,45.3
2026-03-04 08:30:00,21–23,Male,Undergraduate,2nd Year,Engineering/Tech,8.5,9.3,4,4,3.7,3,3.9,2.8,3,3,3,64.5
2026-03-04 09:00:00,21–23,Female,Undergraduate,1st Year,Commerce/Management,7.8,8.0,5,5,6.8,3,4.0,2.5,2,4,5,59.8
2026-03-04 09:30:00,21–23,Female,Undergraduate,3rd Year,Engineering/Tech,7.0,7.9,4,3,2.5,2,2.3,5.3,4,3,3,56.6
2026-03-04 10:00:00,18–20,Male,Undergraduate,3rd Year,Commerce/Management,6.0,6.9,4,2,5.2,2,4.7,4.1,4,5,2,54.7
2026-03-04 10:30:00,21–23,Male,Undergraduate,1st Year,Engineering/Tech,5.1,6.9,2,3,2.1,3,4.9,5.4,2,3,3,47.7
2026-03-04 11:00:00,18–20,Male,Undergraduate,1st Year,Sciences,5.9,8.0,5,3,2.3,3,3.0,7.2,2,3,4,50.8
2026-03-04 11:30:00,18–20,Female,Undergraduate,3rd Year,Engineering/Tech,7.6,9.8,2,3,2.2,2,2.7,3.0,2,4,3,61.9
2026-03-04 12:00:00,18–20,Prefer not to say,Postgraduate,3rd Year,Sciences,8.6,9.2,5,3,2.7,5,3.5,2.4,5,5,3,46.7
2026-03-04 12:30:00,21–23,Male,Postgraduate,2nd Year,Sciences,8.2,9.1,5,1,4.1,4,3.8,4.4,3,4,4,51.6
2026-03-04 13:00:00,21–23,Female,Undergraduate,4th Year,Sciences,5.7,5.5,4,2,1.7,3,3.5,5.7,3,3,4,54.8
2026-03-04 13:30:00,18–20,Male,Undergraduate,1st Year,Engineering/Tech,5.0,5.4,5,4,1.2,4,3.7,2.8,2,4,5,45.7
2026-03-04 14:00:00,21–23,Prefer not to say,Undergraduate,2nd Year,Commerce/Management,6.5,8.3,3,3,4.3,2,4.0,4.1,4,4,1,59.4
2026-03-04 14:30:00,18–20,Female,Undergraduate,4th Year,Commerce/Management,4.2,6.6,2,3,4.1,3,2.3,6.0,5,3,3,53.6
2026-03-04 15:00:00,21–23,Female,Undergraduate,2nd Year,Engineering/Tech,6.7,6.8,3,2,5.7,3,2.4,1.8,4,2,4,56.5
2026-03-04 15:30:00,18–20,Male,Undergraduate,3rd Year,Engineering/Tech,6.1,6.7,3,2,1.5,4,1.0,4.4,4,3,4,49.1
2026-03-04 16:00:00,21–23,Male,Undergraduate,2nd Year,Engineering/Tech,5.7,6.8,1,4,2.0,4,4.8,3.3,2,3,3,54.2
2026-03-04 16:30:00,18–20,Male,Undergraduate,2nd Year,Sciences,4.4,5.7,3,3,4.4,2,3.8,4.3,2,5,2,52.9
2026-03-04 17:00:00,24+,Male,Undergraduate,4th Year,Sciences,6.9,7.4,5,4,1.7,5,5.0,5.1,1,3,4,52.5
2026-03-04 17:30:00,18–20,Female,Undergraduate,2nd Year,Sciences,5.7,7.1,2,3,3.6,2,2.5,4.4,3,5,4,50.6
2026-03-04 18:00:00,18–20,Female,Undergraduate,4th Year,Engineering/Tech,4.9,5.6,4,3,2.1,4,3.8,2.7,2,4,1,48.9
2026-03-04 18:30:00,18–20,Prefer not to say,Undergraduate,1st Year,Engineering/Tech,3.5,4.6,4,2,2.9,5,4.0,3.4,3,4,3,40.5
2026-03-04 19:00:00,24+,Prefer not to say,Undergraduate,1st Year,Sciences,6.3,7.8,5,3,1.0,2,3.2,6.1,3,4,2,48.4
2026-03-04 19:30:00,21–23,Female,Undergraduate,1st Year,Sciences,8.4,9.5,5,3,2.5,4,2.1,4.6,5,2,2,47.3
2026-03-04 20:00:00,18–20,Female,Undergraduate,3rd Year,Humanities/Arts,8.3,9.0,3,3,4.9,1,5.7,5.3,4,3,1,57.1
2026-03-04 20:30:00,21–23,Female,Undergraduate,2nd Year,Engineering/Tech,5.8,6.8,5,3,3.9,3,5.3,4.5,4,2,3,56.4
2026-03-04 21:00:00,21–23,Female,Undergraduate,4th Year,Sciences,5.6,6.6,4,5,1.2,3,3.4,5.2,4,4,3,40.2
2026-03-04 21:30:00,21–23,Male,Undergraduate,2nd Year,Engineering/Tech,6.9,7.7,2,1,6.5,3,4.4,3.5,2,3,3,50.9
2026-03-04 22:00:00,21–23,Male,Undergraduate,4th Year,Engineering/Tech,5.1,6.0,3,4,4.7,5,3.3,3.0,4,4,3,47.2
2026-03-04 22:30:00,18–20,Male,Undergraduate,1st Year,Commerce/Management,6.7,9.0,4,2,1.0,4,2.7,5.2,3,3,4,50.1
2026-03-04 23:00:00,18–20,Female,Undergraduate,4th Year,Sciences,7.2,8.8,2,3,1.6,3,5.8,5.7,4,2,2,53.3
2026-03-04 23:30:00,21–23,Female,Postgraduate,3rd Year,Humanities/Arts,7.8,8.6,3,1,1.0,4,2.0,2.8,3,3,2,48.0
2026-03-05 00:00:00,24+,Male,Postgraduate,3rd Year,Engineering/Tech,6.2,7.8,3,2,3.0,5,3.5,3.3,5,5,4,52.3
2026-03-05 00:30:00,21–23,Female,Undergraduate,3rd Year,Engineering/Tech,6.1,6.9,2,3,1.6,1,3.9,3.9,3,4,2,51.8
2026-03-05 01:00:00,18–20,Female,Undergraduate,3rd Year,Commerce/Management,5.2,7.3,3,1,0.5,5,5.6,6.4,3,3,5,43.6
2026-03-05 01:30:00,18–20,Male,Undergraduate,3rd Year,Sciences,5.3,6.7,4,3,2.3,2,4.8,4.9,5,3,4,48.8
2026-03-05 02:00:00,21–23,Male,Undergraduate,1st Year,Engineering/Tech,6.0,7.0,3,4,4.2,4,2.0,2.2,1,2,3,53.1
2026-03-05 02:30:00,21–23,Female,Postgraduate,1st Year,Engineering/Tech,6.7,8.2,1,1,2.6,3,3.8,4.0,4,5,5,47.5
2026-03-05 03:00:00,21–23,Female,Undergraduate,4th Year,Engineering/Tech,7.4,7.2,1,4,3.4,2,3.8,3.8,4,4,1,60.1
2026-03-05 03:30:00,21–23,Female,Undergraduate,3rd Year,Commerce/Management,5.3,5.5,3,3,2.7,3,3.5,2.5,4,3,2,54.7
2026-03-05 04:00:00,21–23,Female,Undergraduate,3rd Year,Engineering/Tech,8.1,8.2,5,3,3.8,4,4.5,4.0,5,4,3,55.3
2026-03-05 04:30:00,18–20,Female,Undergraduate,2nd Year,Engineering/Tech,6.0,7.2,2,2,2.9,3,2.2,3.7,5,2,3,54.3
2026-03-05 05:00:00,18–20,Female,Undergraduate,1st Year,Engineering/Tech,6.3,8.8,3,2,2.2,1,3.4,3.6,2,5,5,47.6
2026-03-05 05:30:00,21–23,Female,Undergraduate,1st Year,Engineering/Tech,5.4,8.3,2,2,2.5,3,4.3,3.5,4,2,1,63.5
2026-03-05 06:00:00,21–23,Female,Undergraduate,3rd Year,Engineering/Tech,3.5,5.1,3,1,5.8,5,4.5,6.2,4,4,3,48.8
2026-03-05 06:30:00,18–20,Male,Postgraduate,2nd Year,Sciences,7.4,8.9,4,2,3.5,3,4.0,3.6,4,3,3,56.9
2026-03-05 07:00:00,18–20,Male,Undergraduate,1st Year,Engineering/Tech,7.2,6.8,4,3,1.2,2,3.5,4.2,2,4,3,51.3
2026-03-05 07:30:00,21–23,Male,Undergraduate,2nd Year,Commerce/Management,6.0,6.6,2,4,2.5,3,3.7,4.0,4,4,2,56.5
2026-03-05 08:00:00,18–20,Female,Undergraduate,1st Year,Engineering/Tech,6.4,6.9,3,4,3.0,1,4.6,3.4,5,4,3,50.5
2026-03-05 08:30:00,18–20,Female,Undergraduate,3rd Year,Sciences,6.9,7.5,1,3,2.1,4,3.8,4.2,5,4,4,50.9
2026-03-05 09:00:00,21–23,Female,Undergraduate,2nd Year,Commerce/Management,4.4,5.4,3,1,0.5,4,2.7,4.2,3,5,2,40.0
2026-03-05 09:30:00,21–23,Male,Undergraduate,3rd Year,Sciences,5.7,6.4,3,2,1.2,3,2.4,4.2,1,2,4,54.4
2026-03-05 10:00:00,21–23,Male,Undergraduate,2nd Year,Sciences,7.3,6.8,2,2,1.8,3,2.2,2.9,3,3,3,49.0
2026-03-05 10:30:00,18–20,Male,Undergraduate,2nd Year,Engineering/Tech,4.8,6.5,2,2,6.9,4,5.4,3.8,4,3,4,54.5
2026-03-05 11:00:00,21–23,Male,Undergraduate,1st Year,Engineering/Tech,6.7,6.9,3,3,3.3,3,4.7,5.2,4,5,4,56.0
2026-03-05 11:30:00,18–20,Female,Undergraduate,1st Year,Sciences,4.7,6.0,4,3,0.7,4,3.7,3.8,3,3,2,50.5
2026-03-05 12:00:00,18–20,Male,Undergraduate,2nd Year,Humanities/Arts,6.9,9.6,5,2,2.2,3,3.3,4.3,2,4,3,58.5
2026-03-05 12:30:00,21–23,Male,Postgraduate,2nd Year,Sciences,6.3,6.6,1,2,5.2,4,3.2,4.3,3,4,4,57.3
2026-03-05 13:00:00,21–23,Female,Undergraduate,3rd Year,Sciences,4.4,4.0,4,4,1.6,3,5.0,4.7,3,3,3,46.1
2026-03-05 13:30:00,21–23,Male,Undergraduate,2nd Year,Commerce/Management,7.7,8.6,3,4,4.5,3,5.9,4.9,5,3,5,54.8
2026-03-05 14:00:00,21–23,Female,Postgraduate,3rd Year,Sciences,5.4,7.4,3,2,0.7,5,3.1,3.9,4,3,3,40.0
2026-03-05 14:30:00,21–23,Female,Undergraduate,4th Year,Engineering/Tech,5.3,8.0,4,4,0.5,3,5.1,2.8,3,3,2,47.4
2026-03-05 15:00:00,18–20,Male,Postgraduate,3rd Year,Sciences,6.5,6.7,4,5,4.9,3,3.8,2.4,3,3,3,63.0
2026-03-05 15:30:00,18–20,Female,Undergraduate,1st Year,Humanities/Arts,7.7,9.2,5,2,1.7,2,3.6,5.5,2,1,5,51.8
2026-03-05 16:00:00,18–20,Female,Undergraduate,2nd Year,Engineering/Tech,5.1,5.8,3,2,1.8,3,5.5,5.2,5,5,2,40.0
2026-03-05 16:30:00,18–20,Female,Undergraduate,1st Year,Sciences,6.4,7.4,3,3,2.7,3,3.8,5.0,3,5,4,58.8
2026-03-05 17:00:00,24+,Male,Undergraduate,1st Year,Engineering/Tech,6.8,10.0,4,5,3.2,2,4.1,5.2,3,3,4,57.1
2026-03-05 17:30:00,18–20,Female,Undergraduate,4th Year,Sciences,7.1,7.0,2,4,0.5,1,4.1,3.9,3,3,3,56.3
2026-03-05 18:00:00,21–23,Female,Undergraduate,1st Year,Engineering/Tech,6.5,7.8,3,1,1.5,3,2.0,3.2,4,1,1,50.6
2026-03-05 18:30:00,21–23,Male,Undergraduate,2nd Year,Sciences,5.9,7.3,3,2,2.5,4,4.1,2.7,4,4,4,51.0
2026-03-05 19:00:00,21–23,Male,Undergraduate,3rd Year,Commerce/Management,5.3,7.3,3,3,3.2,3,3.2,2.6,4,4,2,54.6
2026-03-05 19:30:00,21–23,Prefer not to say,Postgraduate,3rd Year,Engineering/Tech,6.4,7.6,2,3,1.1,2,2.2,5.8,3,2,4,47.7
2026-03-05 20:00:00,21–23,Female,Postgraduate,3rd Year,Sciences,5.0,6.4,2,2,2.1,4,3.2,3.4,3,2,3,50.0
2026-03-05 20:30:00,21–23,Male,Undergraduate,1st Year,Commerce/Management,3.5,4.3,4,4,1.6,2,3.2,5.6,2,4,3,42.2
2026-03-05 21:00:00,18–20,Female,Undergraduate,2nd Year,Humanities/Arts,6.8,8.1,2,3,2.8,3,4.9,3.8,4,4,4,50.6
2026-03-05 21:30:00,21–23,Male,Undergraduate,2nd Year,Engineering/Tech,7.4,8.2,3,4,4.8,2,2.6,3.2,1,1,3,66.2
2026-03-05 22:00:00,18–20,Male,Undergraduate,1st Year,Engineering/Tech,3.5,5.1,2,4,1.9,2,2.9,2.6,4,4,3,47.1
2026-03-05 22:30:00,18–20,Male,Postgraduate,2nd Year,Engineering/Tech,5.1,5.9,1,3,0.8,2,4.1,3.3,5,3,3,57.1
2026-03-05 23:00:00,21–23,Male,Undergraduate,1st Year,Humanities/Arts,7.0,8.4,1,3,1.4,3,2.3,6.1,5,3,3,43.1
2026-03-05 23:30:00,18–20,Male,Undergraduate,1st Year,Humanities/Arts,8.8,9.8,2,3,6.4,1,3.1,2.6,3,4,3,59.1
2026-03-06 00:00:00,24+,Male,Undergraduate,2nd Year,Sciences,6.3,8.3,4,2,1.2,3,2.0,7.1,3,4,4,44.7
2026-03-06 00:30:00,24+,Female,Undergraduate,1st Year,Commerce/Management,5.4,6.5,2,3,0.9,3,4.8,2.9,2,3,3,50.2
2026-03-06 01:00:00,24+,Male,Undergraduate,3rd Year,Sciences,6.1,5.8,5,2,1.8,3,3.5,5.1,4,5,3,53.9
2026-03-06 01:30:00,18–20,Male,Postgraduate,3rd Year,Sciences,7.9,10.1,3,3,2.2,3,3.8,3.9,4,3,3,47.7
2026-03-06 02:00:00,18–20,Female,Undergraduate,3rd Year,Engineering/Tech,5.5,5.9,3,2,1.6,4,4.8,3.7,3,4,2,47.4
2026-03-06 02:30:00,24+,Male,Undergraduate,1st Year,Commerce/Management,5.3,5.9,3,1,0.7,2,3.0,2.3,3,3,2,54.7
2026-03-06 03:00:00,18–20,Female,Undergraduate,1st Year,Engineering/Tech,5.7,6.3,3,2,2.9,3,3.5,4.0,4,5,5,49.5
2026-03-06 03:30:00,24+,Male,Postgraduate,1st Year,Commerce/Management,5.2,7.4,4,1,2.8,1,2.6,2.5,5,5,4,53.8
2026-03-06 04:00:00,24+,Male,Postgraduate,3rd Year,Commerce/Management,6.4,5.8,2,3,3.7,1,2.6,1.7,3,2,3,55.4
2026-03-06 04:30:00,21–23,Male,Undergraduate,3rd Year,Commerce/Management,8.2,11.0,3,3,2.7,3,2.8,4.3,4,5,3,49.9
2026-03-06 05:00:00,18–20,Male,Undergraduate,1st Year,Engineering/Tech,6.7,8.6,4,3,6.1,3,3.3,3.2,2,4,1,64.8
2026-03-06 05:30:00,18–20,Male,Undergraduate,4th Year,Engineering/Tech,6.0,7.3,5,2,3.9,4,3.4,6.5,2,4,3,44.3
2026-03-06 06:00:00,21–23,Male,Undergraduate,1st Year,Engineering/Tech,5.9,7.0,4,1,3.4,3,4.1,5.5,5,3,3,48.2
2026-03-06 06:30:00,18–20,Male,Postgraduate,2nd Year,Engineering/Tech,4.4,5.8,3,1,4.9,5,2.8,6.5,4,4,3,40.0
2026-03-06 07:00:00,18–20,Male,Undergraduate,3rd Year,Engineering/Tech,7.4,8.9,4,2,2.6,1,4.2,3.1,4,5,3,57.9
2026-03-06 07:30:00,21–23,Male,Undergraduate,4th Year,Humanities/Arts,6.2,7.8,3,4,2.1,2,4.3,4.3,1,3,1,62.2
2026-03-06 08:00:00,24+,Male,Undergraduate,3rd Year,Sciences,6.1,7.6,3,2,2.9,1,3.3,0.5,4,5,2,55.7
2026-03-06 08:30:00,21–23,Male,Undergraduate,3rd Year,Engineering/Tech,9.5,10.7,2,2,0.5,2,2.9,3.7,3,1,5,45.1
2026-03-06 09:00:00,21–23,Female,Undergraduate,2nd Year,Engineering/Tech,6.7,7.6,3,1,2.6,3,3.9,4.2,3,2,3,50.2
2026-03-06 09:30:00,18–20,Female,Undergraduate,3rd Year,Engineering/Tech,5.4,6.4,2,2,2.2,4,3.6,4.3,3,4,3,47.8
2026-03-06 10:00:00,21–23,Male,Undergraduate,1st Year,Sciences,5.8,6.7,3,3,3.1,1,4.0,4.0,2,4,1,56.8
2026-03-06 10:30:00,24+,Female,Undergraduate,4th Year,Sciences,7.7,9.7,4,3,4.5,5,5.5,4.2,4,4,1,56.2
2026-03-06 11:00:00,18–20,Female,Undergraduate,2nd Year,Humanities/Arts,6.4,8.0,2,2,3.5,4,3.9,0.5,4,1,4,51.5
2026-03-06 11:30:00,21–23,Male,Undergraduate,3rd Year,Sciences,4.6,4.0,1,1,1.4,3,3.1,4.5,2,5,3,49.4
2026-03-06 12:00:00,21–23,Female,Undergraduate,2nd Year,Humanities/Arts,7.4,9.0,1,2,4.1,1,2.8,4.8,2,1,3,59.3
2026-03-06 12:30:00,21–23,Female,Undergraduate,3rd Year,Commerce/Management,5.5,6.8,5,2,6.2,2,2.9,6.0,2,2,2,55.5
2026-03-06 13:00:00,21–23,Male,Undergraduate,2nd Year,Engineering/Tech,8.5,9.6,3,2,4.6,2,2.2,4.6,2,1,4,56.3
2026-03-06 13:30:00,21–23,Male,Undergraduate,3rd Year,Humanities/Arts,7.6,8.4,3,5,0.8,2,4.8,3.9,4,4,2,53.2
2026-03-06 14:00:00,18–20,Female,Undergraduate,1st Year,Engineering/Tech,5.8,7.8,4,3,3.4,3,1.3,5.6,4,5,2,55.0
2026-03-06 14:30:00,18–20,Female,Undergraduate,1st Year,Commerce/Management,7.8,9.7,4,3,1.0,2,4.3,0.8,1,4,3,53.0
2026-03-06 15:00:00,21–23,Male,Undergraduate,1st Year,Engineering/Tech,6.4,6.9,3,3,2.0,3,2.8,3.4,1,4,2,49.2
2026-03-06 15:30:00,21–23,Male,Postgraduate,1st Year,Commerce/Management,7.3,8.7,3,3,3.1,5,3.2,3.0,4,1,2,58.0
2026-03-06 16:00:00,21–23,Male,Undergraduate,4th Year,Commerce/Management,6.9,7.2,4,3,2.8,4,2.8,4.1,4,4,3,47.1
2026-03-06 16:30:00,24+,Female,Undergraduate,1st Year,Commerce/Management,5.3,5.3,3,3,4.5,5,5.4,1.0,3,3,3,53.1
2026-03-06 17:00:00,21–23,Female,Undergraduate,4th Year,Commerce/Management,5.5,6.1,2,3,6.2,2,3.8,5.9,3,3,4,55.3
2026-03-06 17:30:00,21–23,Male,Undergraduate,2nd Year,Engineering/Tech,7.5,9.3,4,2,3.3,3,4.7,3.8,4,2,3,54.1
2026-03-06 18:00:00,21–23,Male,Undergraduate,1st Year,Engineering/Tech,5.9,7.8,3,3,1.8,3,5.2,4.5,3,4,1,50.2
2026-03-06 18:30:00,21–23,Female,Undergraduate,3rd Year,Engineering/Tech,5.8,7.3,2,3,0.5,1,4.0,4.4,1,3,2,56.6
2026-03-06 19:00:00,21–23,Male,Undergraduate,3rd Year,Engineering/Tech,5.2,6.8,3,4,5.2,1,2.5,5.9,4,4,5,40.0
2026-03-06 19:30:00,21–23,Male,Undergraduate,2nd Year,Sciences,6.8,8.3,1,3,2.2,4,3.6,1.5,4,3,3,57.1
2026-03-06 20:00:00,21–23,Female,Undergraduate,3rd Year,Engineering/Tech,8.8,9.4,2,3,2.3,4,3.0,4.3,4,2,4,45.8
2026-03-06 20:30:00,18–20,Female,Undergraduate,3rd Year,Humanities/Arts,5.0,6.5,4,1,2.5,3,3.2,5.7,4,4,1,52.0
2026-03-06 21:00:00,18–20,Female,Undergraduate,1st Year,Sciences,6.3,8.1,1,3,3.2,3,3.7,4.0,4,2,3,55.8
2026-03-06 21:30:00,18–20,Female,Undergraduate,4th Year,Commerce/Management,8.0,9.7,3,1,3.2,3,3.7,2.8,3,5,1,60.4
2026-03-06 22:00:00,21–23,Male,Undergraduate,4th Year,Engineering/Tech,6.2,8.3,3,2,2.0,1,4.3,3.3,3,4,3,56.4
2026-03-06 22:30:00,18–20,Male,Undergraduate,3rd Year,Commerce/Management,6.8,8.5,1,2,2.2,3,4.4,3.5,2,2,5,50.5
2026-03-06 23:00:00,21–23,Female,Undergraduate,1st Year,Humanities/Arts,5.0,6.4,5,3,1.5,2,3.7,3.1,2,5,5,43.5
2026-03-06 23:30:00,21–23,Male,Undergraduate,3rd Year,Sciences,6.8,8.8,2,2,1.4,2,4.2,3.9,4,3,3,51.8
2026-03-07 00:00:00,18–20,Male,Undergraduate,1st Year,Sciences,6.1,7.2,3,2,1.4,5,3.2,6.2,5,2,3,40.0
2026-03-07 00:30:00,21–23,Male,Undergraduate,1st Year,Commerce/Management,7.5,7.9,3,4,2.2,3,5.2,3.3,5,4,5,47.8
2026-03-07 01:00:00,18–20,Male,Undergraduate,2nd Year,Engineering/Tech,7.7,8.7,2,2,1.2,4,3.2,3.4,4,3,3,48.3
2026-03-07 01:30:00,18–20,Male,Undergraduate,2nd Year,Sciences,9.4,9.9,1,3,0.5,3,5.1,4.7,2,4,1,45.9
2026-03-07 02:00:00,21–23,Male,Undergraduate,4th Year,Engineering/Tech,7.0,7.6,4,3,1.8,3,2.2,3.9,2,4,3,53.1
2026-03-07 02:30:00,18–20,Male,Undergraduate,3rd Year,Engineering/Tech,6.7,7.7,5,1,0.9,2,3.4,2.2,4,5,2,51.0
2026-03-07 03:00:00,18–20,Male,Undergraduate,3rd Year,Engineering/Tech,6.5,7.0,2,4,2.6,2,3.4,4.0,4,3,3,52.8
2026-03-07 03:30:00,21–23,Female,Undergraduate,2nd Year,Engineering/Tech,5.9,6.7,3,1,1.5,2,4.1,4.0,4,3,3,41.7
2026-03-07 04:00:00,21–23,Female,Postgraduate,2nd Year,Engineering/Tech,6.7,6.3,4,3,3.2,4,4.7,5.5,4,4,3,44.3
2026-03-07 04:30:00,18–20,Female,Undergraduate,2nd Year,Engineering/Tech,5.9,7.2,4,3,1.0,4,2.4,2.7,4,2,3,52.2
2026-03-07 05:00:00,21–23,Female,Postgraduate,4th Year,Humanities/Arts,6.5,7.6,3,3,0.5,3,2.6,5.5,4,4,2,51.0
2026-03-07 05:30:00,18–20,Female,Undergraduate,1st Year,Sciences,7.9,8.3,3,3,2.2,3,2.3,4.0,2,4,3,45.5
2026-03-07 06:00:00,18–20,Male,Undergraduate,4th Year,Humanities/Arts,5.1,6.7,3,2,1.8,5,5.3,2.5,4,2,4,44.5
2026-03-07 06:30:00,21–23,Female,Undergraduate,3rd Year,Engineering/Tech,7.7,9.5,4,1,0.8,1,4.1,2.3,5,3,3,57.7
2026-03-07 07:00:00,21–23,Female,Postgraduate,2nd Year,Engineering/Tech,7.9,7.7,4,3,3.9,3,2.6,6.8,3,5,2,49.5
2026-03-07 07:30:00,21–23,Female,Undergraduate,3rd Year,Sciences,6.2,6.6,2,3,1.1,3,3.3,3.9,4,5,5,46.2
2026-03-07 08:00:00,21–23,Male,Undergraduate,2nd Year,Engineering/Tech,3.8,4.2,3,4,1.4,4,5.1,5.4,3,2,5,50.6
2026-03-07 08:30:00,24+,Male,Undergraduate,4th Year,Engineering/Tech,5.6,5.9,4,4,4.3,5,3.5,1.7,5,2,2,50.8
2026-03-07 09:00:00,21–23,Male,Undergraduate,4th Year,Sciences,7.9,9.6,4,4,3.3,2,3.4,7.8,1,3,1,53.8
2026-03-07 09:30:00,18–20,Male,Postgraduate,2nd Year,Engineering/Tech,6.3,7.2,5,3,1.0,4,2.9,5.4,4,5,4,44.1
2026-03-07 10:00:00,21–23,Female,Undergraduate,2nd Year,Sciences,5.1,6.0,4,2,1.9,4,2.7,3.7,2,2,4,57.9
2026-03-07 10:30:00,18–20,Female,Undergraduate,3rd Year,Sciences,5.7,5.2,3,4,0.9,2,5.1,3.7,4,4,5,49.8
2026-03-07 11:00:00,18–20,Male,Undergraduate,4th Year,Engineering/Tech,7.3,8.9,3,3,4.1,3,5.6,5.1,2,2,4,55.9
2026-03-07 11:30:00,18–20,Prefer not to say,Postgraduate,1st Year,Engineering/Tech,7.0,7.1,3,2,4.1,3,2.7,5.0,3,4,3,51.8
2026-03-07 12:00:00,18–20,Female,Postgraduate,3rd Year,Commerce/Management,6.0,7.2,1,4,6.7,5,5.3,4.4,3,3,3,56.2
2026-03-07 12:30:00,24+,Male,Undergraduate,3rd Year,Sciences,5.9,7.2,3,4,8.0,2,3.3,4.1,5,4,1,61.8
2026-03-07 13:00:00,21–23,Male,Undergraduate,3rd Year,Engineering/Tech,5.8,8.0,4,3,1.5,4,4.4,4.9,3,3,2,45.3
2026-03-07 13:30:00,21–23,Male,Postgraduate,1st Year,Humanities/Arts,5.2,5.2,2,1,3.7,3,5.4,1.7,2,4,3,57.1
2026-03-07 14:00:00,18–20,Male,Undergraduate,3rd Year,Engineering/Tech,8.2,6.9,4,2,0.5,4,3.6,3.6,4,3,3,47.2
2026-03-07 14:30:00,18–20,Male,Undergraduate,4th Year,Sciences,5.9,7.2,3,4,2.7,3,3.4,1.8,3,4,3,53.5
2026-03-07 15:00:00,18–20,Male,Postgraduate,1st Year,Humanities/Arts,7.8,10.3,5,4,3.1,3,4.7,4.9,5,5,4,45.6
2026-03-07 15:30:00,18–20,Male,Undergraduate,1st Year,Engineering/Tech,8.1,10.2,1,2,1.2,4,2.6,3.2,2,2,2,50.2
2026-03-07 16:00:00,21–23,Male,Undergraduate,4th Year,Engineering/Tech,7.5,8.8,2,1,1.4,4,5.1,1.9,4,5,3,45.1
2026-03-07 16:30:00,21–23,Female,Undergraduate,1st Year,Engineering/Tech,5.8,6.5,3,4,4.2,4,4.0,3.0,3,4,1,49.9
2026-03-07 17:00:00,21–23,Male,Postgraduate,4th Year,Engineering/Tech,6.8,8.5,2,2,3.2,1,3.2,4.3,2,2,3,60.9
2026-03-07 17:30:00,18–20,Female,Postgraduate,2nd Year,Engineering/Tech,6.3,6.6,4,3,6.2,4,3.1,3.8,4,3,4,52.5
2026-03-07 18:00:00,24+,Male,Postgraduate,1st Year,Sciences,5.2,6.7,4,5,5.8,2,2.3,2.5,4,2,3,53.0
2026-03-07 18:30:00,21–23,Prefer not to say,Undergraduate,4th Year,Engineering/Tech,6.7,8.2,2,1,0.6,3,3.2,1.7,4,4,5,57.4
2026-03-07 19:00:00,21–23,Male,Postgraduate,2nd Year,Sciences,4.9,6.8,3,3,1.6,3,3.5,4.2,3,4,2,45.5
2026-03-07 19:30:00,21–23,Male,Postgraduate,2nd Year,Humanities/Arts,7.7,11.0,3,1,1.1,3,2.6,3.3,3,2,3,56.3
2026-03-07 20:00:00,18–20,Prefer not to say,Undergraduate,2nd Year,Commerce/Management,5.7,7.2,3,2,3.8,3,3.7,3.7,3,3,2,49.1
2026-03-07 20:30:00,18–20,Female,Postgraduate,3rd Year,Sciences,6.5,7.2,5,4,2.9,5,4.3,3.9,5,4,3,50.3
2026-03-07 21:00:00,18–20,Female,Undergraduate,1st Year,Engineering/Tech,6.6,7.7,4,3,1.1,2,3.6,4.7,3,5,4,48.9
2026-03-07 21:30:00,21–23,Male,Undergraduate,2nd Year,Sciences,6.0,5.7,3,5,1.3,4,4.5,5.3,3,3,3,45.0
2026-03-07 22:00:00,18–20,Male,Undergraduate,4th Year,Sciences,7.0,7.5,4,3,5.0,3,2.9,4.3,3,5,4,55.1
2026-03-07 22:30:00,18–20,Female,Undergraduate,2nd Year,Engineering/Tech,5.7,6.5,3,2,1.8,2,4.9,3.7,4,4,2,52.6
2026-03-07 23:00:00,18–20,Female,Undergraduate,3rd Year,Engineering/Tech,7.3,8.0,5,2,0.5,2,3.9,4.1,3,3,4,47.5
2026-03-07 23:30:00,18–20,Female,Undergraduate,2nd Year,Commerce/Management,4.7,5.9,3,2,1.0,5,5.5,3.6,5,4,1,41.5
2026-03-08 00:00:00,21–23,Female,Undergraduate,3rd Year,Engineering/Tech,6.5,6.9,4,2,7.0,4,6.5,1.8,3,3,4,50.1
2026-03-08 00:30:00,21–23,Male,Undergraduate,1st Year,Engineering/Tech,8.6,10.6,4,1,4.4,5,3.3,5.6,5,3,2,50.5
2026-03-08 01:00:00,21–23,Female,Undergraduate,4th Year,Engineering/Tech,5.1,6.2,2,2,0.9,5,3.3,5.4,2,3,2,40.8
2026-03-08 01:30:00,18–20,Male,Undergraduate,2nd Year,Engineering/Tech,5.5,6.6,4,3,2.7,2,3.5,6.9,4,4,3,50.2
2026-03-08 02:00:00,21–23,Male,Undergraduate,1st Year,Commerce/Management,6.9,7.8,2,3,4.2,3,4.5,7.3,5,4,5,52.0
2026-03-08 02:30:00,21–23,Male,Undergraduate,1st Year,Commerce/Management,6.5,7.7,3,3,0.6,4,5.3,2.5,2,3,1,52.5
2026-03-08 03:00:00,18–20,Female,Undergraduate,1st Year,Commerce/Management,6.7,8.5,3,3,4.5,3,3.1,3.6,5,3,3,52.1
2026-03-08 03:30:00,18–20,Male,Undergraduate,2nd Year,Engineering/Tech,6.9,7.3,5,1,3.2,3,4.2,7.6,3,3,4,54.7
2026-03-08 04:00:00,18–20,Male,Postgraduate,2nd Year,Engineering/Tech,7.1,7.6,4,2,1.4,3,3.7,4.0,5,4,3,48.0
2026-03-08 04:30:00,21–23,Female,Undergraduate,3rd Year,Sciences,7.6,8.5,4,3,3.5,3,4.5,4.4,4,3,2,49.1
2026-03-08 05:00:00,21–23,Male,Undergraduate,2nd Year,Engineering/Tech,6.8,6.8,4,3,2.9,3,5.5,2.0,3,4,3,53.2
2026-03-08 05:30:00,18–20,Female,Undergraduate,1st Year,Engineering/Tech,6.0,6.5,3,1,3.0,2,3.5,4.3,2,3,3,57.9
2026-03-08 06:00:00,18–20,Male,Postgraduate,3rd Year,Commerce/Management,7.1,7.8,5,4,2.6,3,2.0,6.8,3,3,5,47.6
2026-03-08 06:30:00,21–23,Female,Undergraduate,3rd Year,Engineering/Tech,8.6,10.4,3,4,1.2,3,4.6,5.9,2,2,4,53.1
